Workbook

Sheet AAPL_TSLA
A1: ID | B1: ticker | C1: Date | D1: Open | E1: High | F1: Low | G1: Close | H1: Volume | I1: Daily_Return | J1: Return_Excel | K1: SMA_20 | L1: SMA_50 | M1: VOL_20 | N1: Trend_20_50 | O1: Max_Close | P1: Drawdown | Q1: Date_Helper | R1: Vol_Bucket
A2: 1 | B2: AAPL | C2: 2020-11-27 | D2: 113.475 | E2: 114.371 | F2: 113.135 | G2: 113.495 | H2: 46691300 | N2: =IF(OR(ISBLANK(K2),ISBLANK(L2)),"",IF(K2>L2,"Uptrend","Downtrend")) | O2: =MAX(G2,O1) -> 113.495 | P2: =G2/O2 - 1 -> 0 | Q2: =TEXT(C2, "YYYY-MM") -> 2020-11 | R2: =IF(M2="","", IF(M2<0.015,"Low", IF(M2<0.03,"Medium","High")))
A3: 2 | B3: AAPL | C3: 2020-11-30 | D3: 113.865 | E3: 117.759 | F3: 113.709 | G3: 115.89 | H3: 169410200 | I3: 0.0210997 | J3: =(G3/G2) - 1 -> 0.021102251 | N3: =IF(OR(ISBLANK(K3),ISBLANK(L3)),"",IF(K3>L3,"Uptrend","Downtrend")) | O3: =MAX(G3,O2) -> 115.89 | P3: =G3/O3 - 1 -> 0 | Q3: =TEXT(C3, "YYYY-MM") -> 2020-11 | R3: =IF(M3="","", IF(M3<0.015,"Low", IF(M3<0.03,"Medium","High")))
A4: 3 | B4: AAPL | C4: 2020-12-01 | D4: 117.797 | E4: 120.192 | F4: 116.824 | G4: 119.462 | H4: 127728200 | I4: 0.0308273 | J4: =(G4/G3) - 1 -> 0.030822332 | N4: =IF(OR(ISBLANK(K4),ISBLANK(L4)),"",IF(K4>L4,"Uptrend","Downtrend")) | O4: =MAX(G4,O3) -> 119.462 | P4: =G4/O4 - 1 -> 0 | Q4: =TEXT(C4, "YYYY-MM") -> 2020-12 | R4: =IF(M4="","", IF(M4<0.015,"Low", IF(M4<0.03,"Medium","High")))
A5: 4 | B5: AAPL | C5: 2020-12-02 | D5: 118.781 | E5: 120.095 | F5: 117.681 | G5: 119.813 | H5: 89004200 | I5: 0.00293356 | J5: =(G5/G4) - 1 -> 0.0029381728 | N5: =IF(OR(ISBLANK(K5),ISBLANK(L5)),"",IF(K5>L5,"Uptrend","Downtrend")) | O5: =MAX(G5,O4) -> 119.813 | P5: =G5/O5 - 1 -> 0 | Q5: =TEXT(C5, "YYYY-MM") -> 2020-12 | R5: =IF(M5="","", IF(M5<0.015,"Low", IF(M5<0.03,"Medium","High")))
A6: 5 | B6: AAPL | C6: 2020-12-03 | D6: 120.241 | E6: 120.494 | F6: 118.966 | G6: 119.676 | H6: 78967600 | I6: -0.00113735 | J6: =(G6/G5) - 1 -> -0.0011434485 | N6: =IF(OR(ISBLANK(K6),ISBLANK(L6)),"",IF(K6>L6,"Uptrend","Downtrend")) | O6: =MAX(G6,O5) -> 119.813 | P6: =G6/O6 - 1 -> -0.0011434485 | Q6: =TEXT(C6, "YYYY-MM") -> 2020-12 | R6: =IF(M6="","", IF(M6<0.015,"Low", IF(M6<0.03,"Medium","High")))
A7: 6 | B7: AAPL | C7: 2020-12-04 | D7: 119.345 | E7: 119.598 | F7: 118.294 | G7: 119.005 | H7: 78260400 | I7: -0.00561258 | J7: =(G7/G6) - 1 -> -0.005606805 | N7: =IF(OR(ISBLANK(K7),ISBLANK(L7)),"",IF(K7>L7,"Uptrend","Downtrend")) | O7: =MAX(G7,O6) -> 119.813 | P7: =G7/O7 - 1 -> -0.0067438425 | Q7: =TEXT(C7, "YYYY-MM") -> 2020-12 | R7: =IF(M7="","", IF(M7<0.015,"Low", IF(M7<0.03,"Medium","High")))
A8: 7 | B8: AAPL | C8: 2020-12-07 | D8: 119.063 | E8: 121.263 | F8: 119.005 | G8: 120.465 | H8: 86712000 | I8: 0.01227 | J8: =(G8/G7) - 1 -> 0.012268392 | N8: =IF(OR(ISBLANK(K8),ISBLANK(L8)),"",IF(K8>L8,"Uptrend","Downtrend")) | O8: =MAX(G8,O7) -> 120.465 | P8: =G8/O8 - 1 -> 0 | Q8: =TEXT(C8, "YYYY-MM") -> 2020-12 | R8: =IF(M8="","", IF(M8<0.015,"Low", IF(M8<0.03,"Medium","High")))
A9: 8 | B9: AAPL | C9: 2020-12-08 | D9: 121.068 | E9: 121.662 | F9: 119.822 | G9: 121.078 | H9: 82225500 | I9: 0.00509083 | J9: =(G9/G8) - 1 -> 0.005088615 | N9: =IF(OR(ISBLANK(K9),ISBLANK(L9)),"",IF(K9>L9,"Uptrend","Downtrend")) | O9: =MAX(G9,O8) -> 121.078 | P9: =G9/O9 - 1 -> 0 | Q9: =TEXT(C9, "YYYY-MM") -> 2020-12 | R9: =IF(M9="","", IF(M9<0.015,"Low", IF(M9<0.03,"Medium","High")))
A10: 9 | B10: AAPL | C10: 2020-12-09 | D10: 121.224 | E10: 122.606 | F10: 117.788 | G10: 118.547 | H10: 115089200 | I10: -0.0209036 | J10: =(G10/G9) - 1 -> -0.02090388 | N10: =IF(OR(ISBLANK(K10),ISBLANK(L10)),"",IF(K10>L10,"Uptrend","Downtrend")) | O10: =MAX(G10,O9) -> 121.078 | P10: =G10/O10 - 1 -> -0.02090388 | Q10: =TEXT(C10, "YYYY-MM") -> 2020-12 | R10: =IF(M10="","", IF(M10<0.015,"Low", IF(M10<0.03,"Medium","High")))
A11: 10 | B11: AAPL | C11: 2020-12-10 | D11: 117.301 | E11: 120.582 | F11: 116.96 | G11: 119.968 | H11: 81312200 | I11: 0.0119888 | J11: =(G11/G10) - 1 -> 0.011986807 | N11: =IF(OR(ISBLANK(K11),ISBLANK(L11)),"",IF(K11>L11,"Uptrend","Downtrend")) | O11: =MAX(G11,O10) -> 121.078 | P11: =G11/O11 - 1 -> -0.009167644 | Q11: =TEXT(C11, "YYYY-MM") -> 2020-12 | R11: =IF(M11="","", IF(M11<0.015,"Low", IF(M11<0.03,"Medium","High")))
A12: 11 | B12: AAPL | C12: 2020-12-11 | D12: 119.18 | E12: 119.501 | F12: 117.35 | G12: 119.16 | H12: 86939800 | I12: -0.00673491 | J12: =(G12/G11) - 1 -> -0.0067351294 | N12: =IF(OR(ISBLANK(K12),ISBLANK(L12)),"",IF(K12>L12,"Uptrend","Downtrend")) | O12: =MAX(G12,O11) -> 121.078 | P12: =G12/O12 - 1 -> -0.015841028 | Q12: =TEXT(C12, "YYYY-MM") -> 2020-12 | R12: =IF(M12="","", IF(M12<0.015,"Low", IF(M12<0.03,"Medium","High")))
A13: 12 | B13: AAPL | C13: 2020-12-14 | D13: 119.345 | E13: 120.075 | F13: 118.313 | G13: 118.547 | H13: 79184500 | I13: -0.00514656 | J13: =(G13/G12) - 1 -> -0.0051443437 | N13: =IF(OR(ISBLANK(K13),ISBLANK(L13)),"",IF(K13>L13,"Uptrend","Downtrend")) | O13: =MAX(G13,O12) -> 121.078 | P13: =G13/O13 - 1 -> -0.02090388 | Q13: =TEXT(C13, "YYYY-MM") -> 2020-12 | R13: =IF(M13="","", IF(M13<0.015,"Low", IF(M13<0.03,"Medium","High")))
A14: 13 | B14: AAPL | C14: 2020-12-15 | D14: 121.039 | E14: 124.505 | F14: 120.835 | G14: 124.485 | H14: 157243700 | I14: 0.0500903 | J14: =(G14/G13) - 1 -> 0.050089838 | N14: =IF(OR(ISBLANK(K14),ISBLANK(L14)),"",IF(K14>L14,"Uptrend","Downtrend")) | O14: =MAX(G14,O13) -> 124.485 | P14: =G14/O14 - 1 -> 0 | Q14: =TEXT(C14, "YYYY-MM") -> 2020-12 | R14: =IF(M14="","", IF(M14<0.015,"Low", IF(M14<0.03,"Medium","High")))
... A20: 19 | B20: AAPL | C20: 2020-12-23 | D20: 128.651 | E20: 128.914 | F20: 127.308 | G20: 127.483 | H20: 88223700 | I20: -0.0069761 | J20: =(G20/G19) - 1 -> -0.0069793346 | N20: =IF(OR(ISBLANK(K20),ISBLANK(L20)),"",IF(K20>L20,"Uptrend","Downtrend")) | O20: =MAX(G20,O19) -> 128.379 | P20: =G20/O20 - 1 -> -0.0069793346 | Q20: =TEXT(C20, "YYYY-MM") -> 2020-12 | R20: =IF(M20="","", IF(M20<0.015,"Low", IF(M20<0.03,"Medium","High")))
A21: 20 | B21: AAPL | C21: 2020-12-24 | D21: 127.834 | E21: 129.917 | F21: 127.62 | G21: 128.466 | H21: 54930100 | I21: 0.00771226 | J21: =(G21/G20) - 1 -> 0.007710832 | K21: =AVERAGE(G2:G21) -> 121.5871 | N21: =IF(OR(ISBLANK(K21),ISBLANK(L21)),"",IF(K21>L21,"Uptrend","Downtrend")) | O21: =MAX(G21,O20) -> 128.466 | P21: =G21/O21 - 1 -> 0 | Q21: =TEXT(C21, "YYYY-MM") -> 2020-12 | R21: =IF(M21="","", IF(M21<0.015,"Low", IF(M21<0.03,"Medium","High")))
A22: 21 | B22: AAPL | C22: 2020-12-28 | D22: 130.433 | E22: 133.694 | F22: 129.966 | G22: 133.061 | H22: 124486200 | I22: 0.0357658 | J22: =(G22/G21) - 1 -> 0.035768219 | K22: =AVERAGE(G3:G22) -> 122.5654 | M22: =_xlfn.STDEV.S(J3:J22) -> 0.017921938 | N22: =IF(OR(ISBLANK(K22),ISBLANK(L22)),"",IF(K22>L22,"Uptrend","Downtrend")) | O22: =MAX(G22,O21) -> 133.061 | P22: =G22/O22 - 1 -> 0 | Q22: =TEXT(C22, "YYYY-MM") -> 2020-12 | R22: =IF(M22="","", IF(M22<0.015,"Low", IF(M22<0.03,"Medium","High"))) -> Medium
A23: 22 | B23: AAPL | C23: 2020-12-29 | D23: 134.385 | E23: 135.105 | F23: 130.774 | G23: 131.289 | H23: 121047300 | I23: -0.013315 | J23: =(G23/G22) - 1 -> -0.0133172 | K23: =AVERAGE(G4:G23) -> 123.33535 | M23: =_xlfn.STDEV.S(J4:J23) -> 0.018260536 | N23: =IF(OR(ISBLANK(K23),ISBLANK(L23)),"",IF(K23>L23,"Uptrend","Downtrend")) | O23: =MAX(G23,O22) -> 133.061 | P23: =G23/O23 - 1 -> -0.0133172 | Q23: =TEXT(C23, "YYYY-MM") -> 2020-12 | R23: =IF(M23="","", IF(M23<0.015,"Low", IF(M23<0.03,"Medium","High"))) -> Medium
A24: 23 | B24: AAPL | C24: 2020-12-30 | D24: 131.981 | E24: 132.38 | F24: 129.858 | G24: 130.17 | H24: 96452100 | I24: -0.00852689 | J24: =(G24/G23) - 1 -> -0.0085231817 | K24: =AVERAGE(G5:G24) -> 123.87075 | M24: =_xlfn.STDEV.S(J5:J24) -> 0.017599948 | N24: =IF(OR(ISBLANK(K24),ISBLANK(L24)),"",IF(K24>L24,"Uptrend","Downtrend")) | O24: =MAX(G24,O23) -> 133.061 | P24: =G24/O24 - 1 -> -0.021726877 | Q24: =TEXT(C24, "YYYY-MM") -> 2020-12 | R24: =IF(M24="","", IF(M24<0.015,"Low", IF(M24<0.03,"Medium","High"))) -> Medium
A25: 24 | B25: AAPL | C25: 2020-12-31 | D25: 130.52 | E25: 131.163 | F25: 128.223 | G25: 129.167 | H25: 99116600 | I25: -0.00770231 | J25: =(G25/G24) - 1 -> -0.0077053084 | K25: =AVERAGE(G6:G25) -> 124.33845 | M25: =_xlfn.STDEV.S(J6:J25) -> 0.017807636 | N25: =IF(OR(ISBLANK(K25),ISBLANK(L25)),"",IF(K25>L25,"Uptrend","Downtrend")) | O25: =MAX(G25,O24) -> 133.061 | P25: =G25/O25 - 1 -> -0.029264773 | Q25: =TEXT(C25, "YYYY-MM") -> 2020-12 | R25: =IF(M25="","", IF(M25<0.015,"Low", IF(M25<0.03,"Medium","High"))) -> Medium
A26: 25 | B26: AAPL | C26: 2021-01-04 | D26: 129.975 | E26: 130.063 | F26: 123.395 | G26: 125.974 | H26: 143301900 | I26: -0.0247195 | J26: =(G26/G25) - 1 -> -0.024719936 | K26: =AVERAGE(G7:G26) -> 124.65335 | M26: =_xlfn.STDEV.S(J7:J26) -> 0.018906501 | N26: =IF(OR(ISBLANK(K26),ISBLANK(L26)),"",IF(K26>L26,"Uptrend","Downtrend")) | O26: =MAX(G26,O25) -> 133.061 | P26: =G26/O26 - 1 -> -0.053261286 | Q26: =TEXT(C26, "YYYY-MM") -> 2021-01 | R26: =IF(M26="","", IF(M26<0.015,"Low", IF(M26<0.03,"Medium","High"))) -> Medium
A27: 26 | B27: AAPL | C27: 2021-01-05 | D27: 125.468 | E27: 128.243 | F27: 125.021 | G27: 127.532 | H27: 97664900 | I27: 0.0123643 | J27: =(G27/G26) - 1 -> 0.012367631 | K27: =AVERAGE(G8:G27) -> 125.0797 | M27: =_xlfn.STDEV.S(J8:J27) -> 0.018916298 | N27: =IF(OR(ISBLANK(K27),ISBLANK(L27)),"",IF(K27>L27,"Uptrend","Downtrend")) | O27: =MAX(G27,O26) -> 133.061 | P27: =G27/O27 - 1 -> -0.041552371 | Q27: =TEXT(C27, "YYYY-MM") -> 2021-01 | R27: =IF(M27="","", IF(M27<0.015,"Low", IF(M27<0.03,"Medium","High"))) -> Medium
A28: 27 | B28: AAPL | C28: 2021-01-06 | D28: 124.329 | E28: 127.571 | F28: 123.025 | G28: 123.239 | H28: 155088000 | I28: -0.0336618 | J28: =(G28/G27) - 1 -> -0.03366214 | K28: =AVERAGE(G9:G28) -> 125.2184 | M28: =_xlfn.STDEV.S(J9:J28) -> 0.020531956 | N28: =IF(OR(ISBLANK(K28),ISBLANK(L28)),"",IF(K28>L28,"Uptrend","Downtrend")) | O28: =MAX(G28,O27) -> 133.061 | P28: =G28/O28 - 1 -> -0.073815769 | Q28: =TEXT(C28, "YYYY-MM") -> 2021-01 | R28: =IF(M28="","", IF(M28<0.015,"Low", IF(M28<0.03,"Medium","High"))) -> Medium
A29: 28 | B29: AAPL | C29: 2021-01-07 | D29: 124.952 | E29: 128.136 | F29: 124.466 | G29: 127.444 | H29: 109578200 | I29: 0.0341232 | J29: =(G29/G28) - 1 -> 0.034120692 | K29: =AVERAGE(G10:G29) -> 125.5367 | M29: =_xlfn.STDEV.S(J10:J29) -> 0.021798348 | N29: =IF(OR(ISBLANK(K29),ISBLANK(L29)),"",IF(K29>L29,"Uptrend","Downtrend")) | O29: =MAX(G29,O28) -> 133.061 | P29: =G29/O29 - 1 -> -0.042213722 | Q29: =TEXT(C29, "YYYY-MM") -> 2021-01 | R29: =IF(M29="","", IF(M29<0.015,"Low", IF(M29<0.03,"Medium","High"))) -> Medium
A30: 29 | B30: AAPL | C30: 2021-01-08 | D30: 128.914 | E30: 129.109 | F30: 126.773 | G30: 128.544 | H30: 105158200 | I30: 0.00863126 | J30: =(G30/G29) - 1 -> 0.008631242 | K30: =AVERAGE(G11:G30) -> 126.03655 | M30: =_xlfn.STDEV.S(J11:J30) -> 0.02109796 | N30: =IF(OR(ISBLANK(K30),ISBLANK(L30)),"",IF(K30>L30,"Uptrend","Downtrend")) | O30: =MAX(G30,O29) -> 133.061 | P30: =G30/O30 - 1 -> -0.033946836 | Q30: =TEXT(C30, "YYYY-MM") -> 2021-01 | R30: =IF(M30="","", IF(M30<0.015,"Low", IF(M30<0.03,"Medium","High"))) -> Medium
A31: 30 | B31: AAPL | C31: 2021-01-11 | D31: 125.76 | E31: 126.714 | F31: 125.089 | G31: 125.556 | H31: 100384500 | I31: -0.0232489 | J31: =(G31/G30) - 1 -> -0.023244959 | K31: =AVERAGE(G12:G31) -> 126.31595 | M31: =_xlfn.STDEV.S(J12:J31) -> 0.021875865 | N31: =IF(OR(ISBLANK(K31),ISBLANK(L31)),"",IF(K31>L31,"Uptrend","Downtrend")) | O31: =MAX(G31,O30) -> 133.061 | P31: =G31/O31 - 1 -> -0.056402703 | Q31: =TEXT(C31, "YYYY-MM") -> 2021-01 | R31: =IF(M31="","", IF(M31<0.015,"Low", IF(M31<0.03,"Medium","High"))) -> Medium
A32: 31 | B32: AAPL | C32: 2021-01-12 | D32: 125.089 | E32: 126.247 | F32: 123.492 | G32: 125.381 | H32: 91951100 | I32: -0.00139547 | J32: =(G32/G31) - 1 -> -0.0013938004 | K32: =AVERAGE(G13:G32) -> 126.627 | M32: =_xlfn.STDEV.S(J13:J32) -> 0.021789566 | N32: =IF(OR(ISBLANK(K32),ISBLANK(L32)),"",IF(K32>L32,"Uptrend","Downtrend")) | O32: =MAX(G32,O31) -> 133.061 | P32: =G32/O32 - 1 -> -0.057717889 | Q32: =TEXT(C32, "YYYY-MM") -> 2021-01 | R32: =IF(M32="","", IF(M32<0.015,"Low", IF(M32<0.03,"Medium","High"))) -> Medium
A33: 32 | B33: AAPL | C33: 2021-01-13 | D33: 125.342 | E33: 127.96 | F33: 125.079 | G33: 127.415 | H33: 88636800 | I33: 0.0162265 | J33: =(G33/G32) - 1 -> 0.016222554 | K33: =AVERAGE(G14:G33) -> 127.0704 | M33: =_xlfn.STDEV.S(J14:J33) -> 0.021904545 | N33: =IF(OR(ISBLANK(K33),ISBLANK(L33)),"",IF(K33>L33,"Uptrend","Downtrend")) | O33: =MAX(G33,O32) -> 133.061 | P33: =G33/O33 - 1 -> -0.042431667 | Q33: =TEXT(C33, "YYYY-MM") -> 2021-01 | R33: =IF(M33="","", IF(M33<0.015,"Low", IF(M33<0.03,"Medium","High"))) -> Medium
... A50: 49 | B50: AAPL | C50: 2021-02-08 | D50: 132.617 | E50: 133.523 | F50: 131.534 | G50: 133.475 | H50: 71297200 | I50: 0.00109684 | J50: =(G50/G49) - 1 -> 0.0011025441 | K50: =AVERAGE(G31:G50) -> 131.03885 | M50: =_xlfn.STDEV.S(J31:J50) -> 0.02095973 | N50: =IF(OR(ISBLANK(K50),ISBLANK(L50)),"",IF(K50>L50,"Uptrend","Downtrend")) | O50: =MAX(G50,O49) -> 139.359 | P50: =G50/O50 - 1 -> -0.042221887 | Q50: =TEXT(C50, "YYYY-MM") -> 2021-02 | R50: =IF(M50="","", IF(M50<0.015,"Low", IF(M50<0.03,"Medium","High"))) -> Medium
A51: 50 | B51: AAPL | C51: 2021-02-09 | D51: 133.192 | E51: 134.42 | F51: 132.441 | G51: 132.597 | H51: 76774200 | I51: -0.00657362 | J51: =(G51/G50) - 1 -> -0.0065780109 | K51: =AVERAGE(G32:G51) -> 131.3909 | L51: =AVERAGE(G2:G51) -> 126.83072 | M51: =_xlfn.STDEV.S(J32:J51) -> 0.020217487 | N51: =IF(OR(ISBLANK(K51),ISBLANK(L51)),"",IF(K51>L51,"Uptrend","Downtrend")) -> Uptrend | O51: =MAX(G51,O50) -> 139.359 | P51: =G51/O51 - 1 -> -0.048522162 | Q51: =TEXT(C51, "YYYY-MM") -> 2021-02 | R51: =IF(M51="","", IF(M51<0.015,"Low", IF(M51<0.03,"Medium","High"))) -> Medium
A52: 51 | B52: AAPL | C52: 2021-02-10 | D52: 133.055 | E52: 133.552 | F52: 131.027 | G52: 131.993 | H52: 73046600 | I52: -0.00455875 | J52: =(G52/G51) - 1 -> -0.0045551558 | K52: =AVERAGE(G33:G52) -> 131.7215 | L52: =AVERAGE(G3:G52) -> 127.20068 | M52: =_xlfn.STDEV.S(J33:J52) -> 0.020265341 | N52: =IF(OR(ISBLANK(K52),ISBLANK(L52)),"",IF(K52>L52,"Uptrend","Downtrend")) -> Uptrend | O52: =MAX(G52,O51) -> 139.359 | P52: =G52/O52 - 1 -> -0.052856292 | Q52: =TEXT(C52, "YYYY-MM") -> 2021-02 | R52: =IF(M52="","", IF(M52<0.015,"Low", IF(M52<0.03,"Medium","High"))) -> Medium
A53: 52 | B53: AAPL | C53: 2021-02-11 | D53: 132.49 | E53: 132.968 | F53: 130.413 | G53: 131.739 | H53: 64280000 | I53: -0.00192017 | J53: =(G53/G52) - 1 -> -0.0019243445 | K53: =AVERAGE(G34:G53) -> 131.9377 | L53: =AVERAGE(G4:G53) -> 127.51766 | M53: =_xlfn.STDEV.S(J34:J53) -> 0.020036185 | N53: =IF(OR(ISBLANK(K53),ISBLANK(L53)),"",IF(K53>L53,"Uptrend","Downtrend")) -> Uptrend | O53: =MAX(G53,O52) -> 139.359 | P53: =G53/O53 - 1 -> -0.054678923 | Q53: =TEXT(C53, "YYYY-MM") -> 2021-02 | R53: =IF(M53="","", IF(M53<0.015,"Low", IF(M53<0.03,"Medium","High"))) -> Medium
A54: 53 | B54: AAPL | C54: 2021-02-12 | D54: 130.979 | E54: 132.129 | F54: 130.335 | G54: 131.973 | H54: 60145100 | I54: 0.00177584 | J54: =(G54/G53) - 1 -> 0.0017762394 | K54: =AVERAGE(G35:G54) -> 132.26195 | L54: =AVERAGE(G5:G54) -> 127.76788 | M54: =_xlfn.STDEV.S(J35:J54) -> 0.019634528 | N54: =IF(OR(ISBLANK(K54),ISBLANK(L54)),"",IF(K54>L54,"Uptrend","Downtrend")) -> Uptrend | O54: =MAX(G54,O53) -> 139.359 | P54: =G54/O54 - 1 -> -0.052999806 | Q54: =TEXT(C54, "YYYY-MM") -> 2021-02 | R54: =IF(M54="","", IF(M54<0.015,"Low", IF(M54<0.03,"Medium","High"))) -> Medium
A55: 54 | B55: AAPL | C55: 2021-02-16 | D55: 132.09 | E55: 132.597 | F55: 129.458 | G55: 129.848 | H55: 80576300 | I55: -0.0161037 | J55: =(G55/G54) - 1 -> -0.016101778 | K55: =AVERAGE(G36:G55) -> 132.5661 | L55: =AVERAGE(G6:G55) -> 127.96858 | M55: =_xlfn.STDEV.S(J36:J55) -> 0.019745851 | N55: =IF(OR(ISBLANK(K55),ISBLANK(L55)),"",IF(K55>L55,"Uptrend","Downtrend")) -> Uptrend | O55: =MAX(G55,O54) -> 139.359 | P55: =G55/O55 - 1 -> -0.068248194 | Q55: =TEXT(C55, "YYYY-MM") -> 2021-02 | R55: =IF(M55="","", IF(M55<0.015,"Low", IF(M55<0.03,"Medium","High"))) -> Medium
A56: 55 | B56: AAPL | C56: 2021-02-17 | D56: 127.957 | E56: 128.902 | F56: 126.221 | G56: 127.557 | H56: 97918500 | I56: -0.0176441 | J56: =(G56/G55) - 1 -> -0.017643706 | K56: =AVERAGE(G37:G56) -> 132.72215 | L56: =AVERAGE(G7:G56) -> 128.1262 | M56: =_xlfn.STDEV.S(J37:J56) -> 0.020239 | N56: =IF(OR(ISBLANK(K56),ISBLANK(L56)),"",IF(K56>L56,"Uptrend","Downtrend")) -> Uptrend | O56: =MAX(G56,O55) -> 139.359 | P56: =G56/O56 - 1 -> -0.084687749 | Q56: =TEXT(C56, "YYYY-MM") -> 2021-02 | R56: =IF(M56="","", IF(M56<0.015,"Low", IF(M56<0.03,"Medium","High"))) -> Medium
A57: 56 | B57: AAPL | C57: 2021-02-18 | D57: 125.958 | E57: 126.738 | F57: 124.213 | G57: 126.455 | H57: 96856700 | I57: -0.00863658 | J57: =(G57/G56) - 1 -> -0.008639275 | K57: =AVERAGE(G38:G57) -> 132.61865 | L57: =AVERAGE(G8:G57) -> 128.2752 | M57: =_xlfn.STDEV.S(J38:J57) -> 0.018932656 | N57: =IF(OR(ISBLANK(K57),ISBLANK(L57)),"",IF(K57>L57,"Uptrend","Downtrend")) -> Uptrend | O57: =MAX(G57,O56) -> 139.359 | P57: =G57/O57 - 1 -> -0.092595383 | Q57: =TEXT(C57, "YYYY-MM") -> 2021-02 | R57: =IF(M57="","", IF(M57<0.015,"Low", IF(M57<0.03,"Medium","High"))) -> Medium
A58: 57 | B58: AAPL | C58: 2021-02-19 | D58: 126.972 | E58: 127.43 | F58: 125.568 | G58: 126.611 | H58: 87668800 | I58: 0.00123369 | J58: =(G58/G57) - 1 -> 0.0012336404 | K58: =AVERAGE(G39:G58) -> 132.2874 | L58: =AVERAGE(G9:G58) -> 128.39812 | M58: =_xlfn.STDEV.S(J39:J58) -> 0.016796452 | N58: =IF(OR(ISBLANK(K58),ISBLANK(L58)),"",IF(K58>L58,"Uptrend","Downtrend")) -> Uptrend | O58: =MAX(G58,O57) -> 139.359 | P58: =G58/O58 - 1 -> -0.091475972 | Q58: =TEXT(C58, "YYYY-MM") -> 2021-02 | R58: =IF(M58="","", IF(M58<0.015,"Low", IF(M58<0.03,"Medium","High"))) -> Medium
A59: 58 | B59: AAPL | C59: 2021-02-22 | D59: 124.798 | E59: 126.465 | F59: 122.448 | G59: 122.838 | H59: 103916400 | I59: -0.0297991 | J59: =(G59/G58) - 1 -> -0.029799938 | K59: =AVERAGE(G40:G59) -> 131.6604 | L59: =AVERAGE(G10:G59) -> 128.43332 | M59: =_xlfn.STDEV.S(J40:J59) -> 0.017264678 | N59: =IF(OR(ISBLANK(K59),ISBLANK(L59)),"",IF(K59>L59,"Uptrend","Downtrend")) -> Uptrend | O59: =MAX(G59,O58) -> 139.359 | P59: =G59/O59 - 1 -> -0.11854993 | Q59: =TEXT(C59, "YYYY-MM") -> 2021-02 | R59: =IF(M59="","", IF(M59<0.015,"Low", IF(M59<0.03,"Medium","High"))) -> Medium
A60: 59 | B60: AAPL | C60: 2021-02-23 | D60: 120.654 | E60: 123.53 | F60: 115.419 | G60: 122.702 | H60: 158273000 | I60: -0.00111113 | J60: =(G60/G59) - 1 -> -0.0011071493 | K60: =AVERAGE(G41:G60) -> 130.8392 | L60: =AVERAGE(G11:G60) -> 128.51642 | M60: =_xlfn.STDEV.S(J41:J60) -> 0.015535373 | N60: =IF(OR(ISBLANK(K60),ISBLANK(L60)),"",IF(K60>L60,"Uptrend","Downtrend")) -> Uptrend | O60: =MAX(G60,O59) -> 139.359 | P60: =G60/O60 - 1 -> -0.11952583 | Q60: =TEXT(C60, "YYYY-MM") -> 2021-02 | R60: =IF(M60="","", IF(M60<0.015,"Low", IF(M60<0.03,"Medium","High"))) -> Medium
A61: 60 | B61: AAPL | C61: 2021-02-24 | D61: 121.805 | E61: 122.409 | F61: 119.163 | G61: 122.205 | H61: 111039900 | I61: -0.00405223 | J61: =(G61/G60) - 1 -> -0.0040504637 | K61: =AVERAGE(G42:G61) -> 129.9815 | L61: =AVERAGE(G12:G61) -> 128.56116 | M61: =_xlfn.STDEV.S(J42:J61) -> 0.015436118 | N61: =IF(OR(ISBLANK(K61),ISBLANK(L61)),"",IF(K61>L61,"Uptrend","Downtrend")) -> Uptrend | O61: =MAX(G61,O60) -> 139.359 | P61: =G61/O61 - 1 -> -0.12309216 | Q61: =TEXT(C61, "YYYY-MM") -> 2021-02 | R61: =IF(M61="","", IF(M61<0.015,"Low", IF(M61<0.03,"Medium","High"))) -> Medium
A62: 61 | B62: AAPL | C62: 2021-02-25 | D62: 121.551 | E62: 123.287 | F62: 117.515 | G62: 117.954 | H62: 148199500 | I62: -0.0347824 | J62: =(G62/G61) - 1 -> -0.034785811 | K62: =AVERAGE(G43:G62) -> 128.96475 | L62: =AVERAGE(G13:G62) -> 128.53704 | M62: =_xlfn.STDEV.S(J43:J62) -> 0.016690451 | N62: =IF(OR(ISBLANK(K62),ISBLANK(L62)),"",IF(K62>L62,"Uptrend","Downtrend")) -> Uptrend | O62: =MAX(G62,O61) -> 139.359 | P62: =G62/O62 - 1 -> -0.15359611 | Q62: =TEXT(C62, "YYYY-MM") -> 2021-02 | R62: =IF(M62="","", IF(M62<0.015,"Low", IF(M62<0.03,"Medium","High"))) -> Medium
... A1257: 1256 | B1257: AAPL | C1257: 2025-11-26 | D1257: 276.96 | E1257: 279.53 | F1257: 276.63 | G1257: 277.55 | H1257: 31050665 | I1257: 0.00209404 | J1257: =(G1257/G1256) - 1 -> 0.0020940896 | K1257: =AVERAGE(G1238:G1257) -> 271.12795 | L1257: =AVERAGE(G1208:G1257) -> 261.63492 | M1257: =_xlfn.STDEV.S(J1238:J1257) -> 0.009461742 | N1257: =IF(OR(ISBLANK(K1257),ISBLANK(L1257)),"",IF(K1257>L1257,"Uptrend","Downtrend")) -> Uptrend | O1257: =MAX(G1257,O1256) -> 277.55 | P1257: =G1257/O1257 - 1 -> 0 | Q1257: =TEXT(C1257, "YYYY-MM") -> 2025-11 | R1257: =IF(M1257="","", IF(M1257<0.015,"Low", IF(M1257<0.03,"Medium","High"))) -> Low
A1258: 1257 | B1258: TSLA | C1258: 2020-11-27 | D1258: 193.72 | E1258: 199.593 | F1258: 192.817 | G1258: 195.253 | H1258: 112683300 | N1258: =IF(OR(ISBLANK(K1258),ISBLANK(L1258)),"",IF(K1258>L1258,"Uptrend","Downtrend")) | O1258: =G1258 -> 195.253 | P1258: =G1258/O1258 - 1 -> 0 | Q1258: =TEXT(C1258, "YYYY-MM") -> 2020-11 | R1258: =IF(M1258="","", IF(M1258<0.015,"Low", IF(M1258<0.03,"Medium","High")))
A1259: 1258 | B1259: TSLA | C1259: 2020-11-30 | D1259: 200.737 | E1259: 202.6 | F1259: 184.837 | G1259: 189.2 | H1259: 189009300 | I1259: -0.0310024 | J1259: =(G1259/G1258) - 1 -> -0.031000804 | N1259: =IF(OR(ISBLANK(K1259),ISBLANK(L1259)),"",IF(K1259>L1259,"Uptrend","Downtrend")) | O1259: =MAX(G1259,O1258) -> 195.253 | P1259: =G1259/O1259 - 1 -> -0.031000804 | Q1259: =TEXT(C1259, "YYYY-MM") -> 2020-11 | R1259: =IF(M1259="","", IF(M1259<0.015,"Low", IF(M1259<0.03,"Medium","High")))
A1260: 1259 | B1260: TSLA | C1260: 2020-12-01 | D1260: 199.197 | E1260: 199.283 | F1260: 190.683 | G1260: 194.92 | H1260: 120310500 | I1260: 0.0302326 | J1260: =(G1260/G1259) - 1 -> 0.030232558 | N1260: =IF(OR(ISBLANK(K1260),ISBLANK(L1260)),"",IF(K1260>L1260,"Uptrend","Downtrend")) | O1260: =MAX(G1260,O1259) -> 195.253 | P1260: =G1260/O1260 - 1 -> -0.0017054796 | Q1260: =TEXT(C1260, "YYYY-MM") -> 2020-12 | R1260: =IF(M1260="","", IF(M1260<0.015,"Low", IF(M1260<0.03,"Medium","High")))
A1261: 1260 | B1261: TSLA | C1261: 2020-12-02 | D1261: 185.48 | E1261: 190.513 | F1261: 180.403 | G1261: 189.607 | H1261: 143327100 | I1261: -0.027259 | J1261: =(G1261/G1260) - 1 -> -0.027257336 | N1261: =IF(OR(ISBLANK(K1262),ISBLANK(L1261)),"",IF(K1262>L1261,"Uptrend","Downtrend")) | O1261: =MAX(G1261,O1260) -> 195.253 | P1261: =G1261/O1261 - 1 -> -0.028916329 | Q1261: =TEXT(C1261, "YYYY-MM") -> 2020-12 | R1261: =IF(M1261="","", IF(M1261<0.015,"Low", IF(M1261<0.03,"Medium","High")))
A1262: 1261 | B1262: TSLA | C1262: 2020-12-03 | D1262: 196.673 | E1262: 199.657 | F1262: 194.143 | G1262: 197.793 | H1262: 127656000 | I1262: 0.0431771 | J1262: =(G1262/G1261) - 1 -> 0.043173512 | N1262: =IF(OR(ISBLANK(#REF!),ISBLANK(L1262)),"",IF(#REF!>L1262,"Uptrend","Downtrend")) | O1262: =MAX(G1262,O1261) -> 197.793 | P1262: =G1262/O1262 - 1 -> 0 | Q1262: =TEXT(C1262, "YYYY-MM") -> 2020-12 | R1262: =IF(M1262="","", IF(M1262<0.015,"Low", IF(M1262<0.03,"Medium","High")))
A1263: 1262 | B1263: TSLA | C1263: 2020-12-04 | D1263: 197.003 | E1263: 199.68 | F1263: 195.167 | G1263: 199.68 | H1263: 88203900 | I1263: 0.00953853 | J1263: =(G1263/G1262) - 1 -> 0.009540277 | N1263: =IF(OR(ISBLANK(K1263),ISBLANK(L1263)),"",IF(K1263>L1263,"Uptrend","Downtrend")) | O1263: =MAX(G1263,O1262) -> 199.68 | P1263: =G1263/O1263 - 1 -> 0 | Q1263: =TEXT(C1263, "YYYY-MM") -> 2020-12 | R1263: =IF(M1263="","", IF(M1263<0.015,"Low", IF(M1263<0.03,"Medium","High")))
A1264: 1263 | B1264: TSLA | C1264: 2020-12-07 | D1264: 201.64 | E1264: 216.263 | F1264: 201.017 | G1264: 213.92 | H1264: 168929100 | I1264: 0.0713141 | J1264: =(G1264/G1263) - 1 -> 0.071314103 | N1264: =IF(OR(ISBLANK(K1264),ISBLANK(L1264)),"",IF(K1264>L1264,"Uptrend","Downtrend")) | O1264: =MAX(G1264,O1263) -> 213.92 | P1264: =G1264/O1264 - 1 -> 0 | Q1264: =TEXT(C1264, "YYYY-MM") -> 2020-12 | R1264: =IF(M1264="","", IF(M1264<0.015,"Low", IF(M1264<0.03,"Medium","High")))
A1265: 1264 | B1265: TSLA | C1265: 2020-12-08 | D1265: 208.503 | E1265: 217.093 | F1265: 206.167 | G1265: 216.627 | H1265: 192795000 | I1265: 0.0126527 | J1265: =(G1265/G1264) - 1 -> 0.012654263 | N1265: =IF(OR(ISBLANK(K1265),ISBLANK(L1265)),"",IF(K1265>L1265,"Uptrend","Downtrend")) | O1265: =MAX(G1265,O1264) -> 216.627 | P1265: =G1265/O1265 - 1 -> 0 | Q1265: =TEXT(C1265, "YYYY-MM") -> 2020-12 | R1265: =IF(M1265="","", IF(M1265<0.015,"Low", IF(M1265<0.03,"Medium","High")))
A1266: 1265 | B1266: TSLA | C1266: 2020-12-09 | D1266: 217.897 | E1266: 218.107 | F1266: 196 | G1266: 201.493 | H1266: 213873600 | I1266: -0.069859 | J1266: =(G1266/G1265) - 1 -> -0.069862021 | N1266: =IF(OR(ISBLANK(K1266),ISBLANK(L1266)),"",IF(K1266>L1266,"Uptrend","Downtrend")) | O1266: =MAX(G1266,O1265) -> 216.627 | P1266: =G1266/O1266 - 1 -> -0.069862021 | Q1266: =TEXT(C1266, "YYYY-MM") -> 2020-12 | R1266: =IF(M1266="","", IF(M1266<0.015,"Low", IF(M1266<0.03,"Medium","High")))
A1267: 1266 | B1267: TSLA | C1267: 2020-12-10 | D1267: 191.457 | E1267: 209.25 | F1267: 188.78 | G1267: 209.023 | H1267: 201249600 | I1267: 0.037371 | J1267: =(G1267/G1266) - 1 -> 0.037371025 | N1267: =IF(OR(ISBLANK(K1267),ISBLANK(L1267)),"",IF(K1267>L1267,"Uptrend","Downtrend")) | O1267: =MAX(G1267,O1266) -> 216.627 | P1267: =G1267/O1267 - 1 -> -0.035101811 | Q1267: =TEXT(C1267, "YYYY-MM") -> 2020-12 | R1267: =IF(M1267="","", IF(M1267<0.015,"Low", IF(M1267<0.03,"Medium","High")))
A1268: 1267 | B1268: TSLA | C1268: 2020-12-11 | D1268: 205.003 | E1268: 208 | F1268: 198.933 | G1268: 203.33 | H1268: 139425000 | I1268: -0.0272378 | J1268: =(G1268/G1267) - 1 -> -0.027236237 | N1268: =IF(OR(ISBLANK(K1268),ISBLANK(L1268)),"",IF(K1268>L1268,"Uptrend","Downtrend")) | O1268: =MAX(G1268,O1267) -> 216.627 | P1268: =G1268/O1268 - 1 -> -0.061382007 | Q1268: =TEXT(C1268, "YYYY-MM") -> 2020-12 | R1268: =IF(M1268="","", IF(M1268<0.015,"Low", IF(M1268<0.03,"Medium","High")))
A1269: 1268 | B1269: TSLA | C1269: 2020-12-14 | D1269: 206.333 | E1269: 214.25 | F1269: 203.4 | G1269: 213.277 | H1269: 156121800 | I1269: 0.0489189 | J1269: =(G1269/G1268) - 1 -> 0.048920474 | N1269: =IF(OR(ISBLANK(K1269),ISBLANK(L1269)),"",IF(K1269>L1269,"Uptrend","Downtrend")) | O1269: =MAX(G1269,O1268) -> 216.627 | P1269: =G1269/O1269 - 1 -> -0.01546437 | Q1269: =TEXT(C1269, "YYYY-MM") -> 2020-12 | R1269: =IF(M1269="","", IF(M1269<0.015,"Low", IF(M1269<0.03,"Medium","High")))
A1270: 1269 | B1270: TSLA | C1270: 2020-12-15 | D1270: 214.427 | E1270: 215.633 | F1270: 207.933 | G1270: 211.083 | H1270: 135214500 | I1270: -0.010284 | J1270: =(G1270/G1269) - 1 -> -0.010287091 | N1270: =IF(OR(ISBLANK(K1270),ISBLANK(L1270)),"",IF(K1270>L1270,"Uptrend","Downtrend")) | O1270: =MAX(G1270,O1269) -> 216.627 | P1270: =G1270/O1270 - 1 -> -0.025592378 | Q1270: =TEXT(C1270, "YYYY-MM") -> 2020-12 | R1270: =IF(M1270="","", IF(M1270<0.015,"Low", IF(M1270<0.03,"Medium","High")))
A1271: 1270 | B1271: TSLA | C1271: 2020-12-16 | D1271: 209.41 | E1271: 210.833 | F1271: 201.667 | G1271: 207.59 | H1271: 126287400 | I1271: -0.0165495 | J1271: =(G1271/G1270) - 1 -> -0.016547993 | N1271: =IF(OR(ISBLANK(K1271),ISBLANK(L1271)),"",IF(K1271>L1271,"Uptrend","Downtrend")) | O1271: =MAX(G1271,O1270) -> 216.627 | P1271: =G1271/O1271 - 1 -> -0.041716868 | Q1271: =TEXT(C1271, "YYYY-MM") -> 2020-12 | R1271: =IF(M1271="","", IF(M1271<0.015,"Low", IF(M1271<0.03,"Medium","High")))
A1272: 1271 | B1272: TSLA | C1272: 2020-12-17 | D1272: 209.397 | E1272: 219.607 | F1272: 206.5 | G1272: 218.633 | H1272: 168810300 | I1272: 0.0531978 | J1272: =(G1272/G1271) - 1 -> 0.053196204 | N1272: =IF(OR(ISBLANK(K1272),ISBLANK(L1272)),"",IF(K1272>L1272,"Uptrend","Downtrend")) | O1272: =MAX(G1272,O1271) -> 218.633 | P1272: =G1272/O1272 - 1 -> 0 | Q1272: =TEXT(C1272, "YYYY-MM") -> 2020-12 | R1272: =IF(M1272="","", IF(M1272<0.015,"Low", IF(M1272<0.03,"Medium","High")))
A1273: 1272 | B1273: TSLA | C1273: 2020-12-18 | D1273: 222.967 | E1273: 231.667 | F1273: 209.513 | G1273: 231.667 | H1273: 666378600 | I1273: 0.0596128 | J1273: =(G1273/G1272) - 1 -> 0.059615886 | N1273: =IF(OR(ISBLANK(K1273),ISBLANK(L1273)),"",IF(K1273>L1273,"Uptrend","Downtrend")) | O1273: =MAX(G1273,O1272) -> 231.667 | P1273: =G1273/O1273 - 1 -> 0 | Q1273: =TEXT(C1273, "YYYY-MM") -> 2020-12 | R1273: =IF(M1273="","", IF(M1273<0.015,"Low", IF(M1273<0.03,"Medium","High")))
A1274: 1273 | B1274: TSLA | C1274: 2020-12-21 | D1274: 222.08 | E1274: 222.833 | F1274: 215.357 | G1274: 216.62 | H1274: 174135900 | I1274: -0.0649497 | J1274: =(G1274/G1273) - 1 -> -0.064950986 | N1274: =IF(OR(ISBLANK(K1274),ISBLANK(L1274)),"",IF(K1274>L1274,"Uptrend","Downtrend")) | O1274: =MAX(G1274,O1273) -> 231.667 | P1274: =G1274/O1274 - 1 -> -0.064950986 | Q1274: =TEXT(C1274, "YYYY-MM") -> 2020-12 | R1274: =IF(M1274="","", IF(M1274<0.015,"Low", IF(M1274<0.03,"Medium","High")))
... A1276: 1275 | B1276: TSLA | C1276: 2020-12-23 | D1276: 210.733 | E1276: 217.167 | F1276: 207.523 | G1276: 215.327 | H1276: 99519000 | I1276: 0.00880777 | J1276: =(G1276/G1275) - 1 -> 0.0088078071 | N1276: =IF(OR(ISBLANK(K1276),ISBLANK(L1276)),"",IF(K1276>L1276,"Uptrend","Downtrend")) | O1276: =MAX(G1276,O1275) -> 231.667 | P1276: =G1276/O1276 - 1 -> -0.070532273 | Q1276: =TEXT(C1276, "YYYY-MM") -> 2020-12 | R1276: =IF(M1276="","", IF(M1276<0.015,"Low", IF(M1276<0.03,"Medium","High")))
A1277: 1276 | B1277: TSLA | C1277: 2020-12-24 | D1277: 214.33 | E1277: 222.03 | F1277: 213.667 | G1277: 220.59 | H1277: 68596800 | I1277: 0.0244435 | J1277: =(G1277/G1276) - 1 -> 0.024441895 | K1277: =AVERAGE(G1258:G1277) -> 207.954 | N1277: =IF(OR(ISBLANK(K1277),ISBLANK(L1277)),"",IF(K1277>L1277,"Uptrend","Downtrend")) | O1277: =MAX(G1277,O1276) -> 231.667 | P1277: =G1277/O1277 - 1 -> -0.04781432 | Q1277: =TEXT(C1277, "YYYY-MM") -> 2020-12 | R1277: =IF(M1277="","", IF(M1277<0.015,"Low", IF(M1277<0.03,"Medium","High")))
A1278: 1277 | B1278: TSLA | C1278: 2020-12-28 | D1278: 224.837 | E1278: 227.133 | F1278: 220.267 | G1278: 221.23 | H1278: 96835800 | I1278: 0.00290131 | J1278: =(G1278/G1277) - 1 -> 0.0029013101 | K1278: =AVERAGE(G1259:G1278) -> 209.25285 | M1278: =_xlfn.STDEV.S(J1259:J1278) -> 0.039819307 | N1278: =IF(OR(ISBLANK(K1278),ISBLANK(L1278)),"",IF(K1278>L1278,"Uptrend","Downtrend")) | O1278: =MAX(G1278,O1277) -> 231.667 | P1278: =G1278/O1278 - 1 -> -0.045051734 | Q1278: =TEXT(C1278, "YYYY-MM") -> 2020-12 | R1278: =IF(M1278="","", IF(M1278<0.015,"Low", IF(M1278<0.03,"Medium","High"))) -> High
A1279: 1278 | B1279: TSLA | C1279: 2020-12-29 | D1279: 220.333 | E1279: 223.3 | F1279: 218.333 | G1279: 221.997 | H1279: 68732400 | I1279: 0.00346552 | J1279: =(G1279/G1278) - 1 -> 0.0034669801 | K1279: =AVERAGE(G1260:G1279) -> 210.8927 | M1279: =_xlfn.STDEV.S(J1260:J1279) -> 0.038820559 | N1279: =IF(OR(ISBLANK(K1279),ISBLANK(L1279)),"",IF(K1279>L1279,"Uptrend","Downtrend")) | O1279: =MAX(G1279,O1278) -> 231.667 | P1279: =G1279/O1279 - 1 -> -0.041740947 | Q1279: =TEXT(C1279, "YYYY-MM") -> 2020-12 | R1279: =IF(M1279="","", IF(M1279<0.015,"Low", IF(M1279<0.03,"Medium","High"))) -> High
A1280: 1279 | B1280: TSLA | C1280: 2020-12-30 | D1280: 224 | E1280: 232.2 | F1280: 222.787 | G1280: 231.593 | H1280: 128538000 | I1280: 0.0432289 | J1280: =(G1280/G1279) - 1 -> 0.043225809 | K1280: =AVERAGE(G1261:G1280) -> 212.72635 | M1280: =_xlfn.STDEV.S(J1261:J1280) -> 0.039304827 | N1280: =IF(OR(ISBLANK(K1280),ISBLANK(L1280)),"",IF(K1280>L1280,"Uptrend","Downtrend")) | O1280: =MAX(G1280,O1279) -> 231.667 | P1280: =G1280/O1280 - 1 -> -0.000319424 | Q1280: =TEXT(C1280, "YYYY-MM") -> 2020-12 | R1280: =IF(M1280="","", IF(M1280<0.015,"Low", IF(M1280<0.03,"Medium","High"))) -> High
A1281: 1280 | B1281: TSLA | C1281: 2020-12-31 | D1281: 233.33 | E1281: 239.573 | F1281: 230.373 | G1281: 235.223 | H1281: 148949700 | I1281: 0.015674 | J1281: =(G1281/G1280) - 1 -> 0.015674049 | K1281: =AVERAGE(G1262:G1281) -> 215.00715 | M1281: =_xlfn.STDEV.S(J1262:J1281) -> 0.038358868 | N1281: =IF(OR(ISBLANK(K1281),ISBLANK(L1281)),"",IF(K1281>L1281,"Uptrend","Downtrend")) | O1281: =MAX(G1281,O1280) -> 235.223 | P1281: =G1281/O1281 - 1 -> 0 | Q1281: =TEXT(C1281, "YYYY-MM") -> 2020-12 | R1281: =IF(M1281="","", IF(M1281<0.015,"Low", IF(M1281<0.03,"Medium","High"))) -> High
A1282: 1281 | B1282: TSLA | C1282: 2021-01-04 | D1282: 239.82 | E1282: 248.163 | F1282: 239.063 | G1282: 243.257 | H1282: 145914600 | I1282: 0.034152 | J1282: =(G1282/G1281) - 1 -> 0.034154823 | K1282: =AVERAGE(G1263:G1282) -> 217.28035 | M1282: =_xlfn.STDEV.S(J1263:J1282) -> 0.038018909 | N1282: =IF(OR(ISBLANK(K1282),ISBLANK(L1282)),"",IF(K1282>L1282,"Uptrend","Downtrend")) | O1282: =MAX(G1282,O1281) -> 243.257 | P1282: =G1282/O1282 - 1 -> 0 | Q1282: =TEXT(C1282, "YYYY-MM") -> 2021-01 | R1282: =IF(M1282="","", IF(M1282<0.015,"Low", IF(M1282<0.03,"Medium","High"))) -> High
A1283: 1282 | B1283: TSLA | C1283: 2021-01-05 | D1283: 241.22 | E1283: 246.947 | F1283: 239.733 | G1283: 245.037 | H1283: 96735600 | I1283: 0.00731737 | J1283: =(G1283/G1282) - 1 -> 0.0073173639 | K1283: =AVERAGE(G1264:G1283) -> 219.5482 | M1283: =_xlfn.STDEV.S(J1264:J1283) -> 0.038026919 | N1283: =IF(OR(ISBLANK(K1283),ISBLANK(L1283)),"",IF(K1283>L1283,"Uptrend","Downtrend")) | O1283: =MAX(G1283,O1282) -> 245.037 | P1283: =G1283/O1283 - 1 -> 0 | Q1283: =TEXT(C1283, "YYYY-MM") -> 2021-01 | R1283: =IF(M1283="","", IF(M1283<0.015,"Low", IF(M1283<0.03,"Medium","High"))) -> High
A1284: 1283 | B1284: TSLA | C1284: 2021-01-06 | D1284: 252.83 | E1284: 258 | F1284: 249.7 | G1284: 251.993 | H1284: 134100000 | I1284: 0.0283903 | J1284: =(G1284/G1283) - 1 -> 0.02838755 | K1284: =AVERAGE(G1265:G1284) -> 221.45185 | M1284: =_xlfn.STDEV.S(J1265:J1284) -> 0.035574435 | N1284: =IF(OR(ISBLANK(K1284),ISBLANK(L1284)),"",IF(K1284>L1284,"Uptrend","Downtrend")) | O1284: =MAX(G1284,O1283) -> 251.993 | P1284: =G1284/O1284 - 1 -> 0 | Q1284: =TEXT(C1284, "YYYY-MM") -> 2021-01 | R1284: =IF(M1284="","", IF(M1284<0.015,"Low", IF(M1284<0.03,"Medium","High"))) -> High
A1285: 1284 | B1285: TSLA | C1285: 2021-01-07 | D1285: 259.21 | E1285: 272.33 | F1285: 258.4 | G1285: 272.013 | H1285: 154496700 | I1285: 0.0794466 | J1285: =(G1285/G1284) - 1 -> 0.079446651 | K1285: =AVERAGE(G1266:G1285) -> 224.22115 | M1285: =_xlfn.STDEV.S(J1266:J1285) -> 0.038929269 | N1285: =IF(OR(ISBLANK(K1285),ISBLANK(L1285)),"",IF(K1285>L1285,"Uptrend","Downtrend")) | O1285: =MAX(G1285,O1284) -> 272.013 | P1285: =G1285/O1285 - 1 -> 0 | Q1285: =TEXT(C1285, "YYYY-MM") -> 2021-01 | R1285: =IF(M1285="","", IF(M1285<0.015,"Low", IF(M1285<0.03,"Medium","High"))) -> High
A1286: 1285 | B1286: TSLA | C1286: 2021-01-08 | D1286: 285.333 | E1286: 294.83 | F1286: 279.463 | G1286: 293.34 | H1286: 225166500 | I1286: 0.078403 | J1286: =(G1286/G1285) - 1 -> 0.078404341 | K1286: =AVERAGE(G1267:G1286) -> 228.8135 | M1286: =_xlfn.STDEV.S(J1267:J1286) -> 0.036528954 | N1286: =IF(OR(ISBLANK(K1286),ISBLANK(L1286)),"",IF(K1286>L1286,"Uptrend","Downtrend")) | O1286: =MAX(G1286,O1285) -> 293.34 | P1286: =G1286/O1286 - 1 -> 0 | Q1286: =TEXT(C1286, "YYYY-MM") -> 2021-01 | R1286: =IF(M1286="","", IF(M1286<0.015,"Low", IF(M1286<0.03,"Medium","High"))) -> High
A1287: 1286 | B1287: TSLA | C1287: 2021-01-11 | D1287: 283.133 | E1287: 284.81 | F1287: 267.873 | G1287: 270.397 | H1287: 177904800 | I1287: -0.0782141 | J1287: =(G1287/G1286) - 1 -> -0.078212995 | K1287: =AVERAGE(G1268:G1287) -> 231.8822 | M1287: =_xlfn.STDEV.S(J1268:J1287) -> 0.042260227 | N1287: =IF(OR(ISBLANK(K1287),ISBLANK(L1287)),"",IF(K1287>L1287,"Uptrend","Downtrend")) | O1287: =MAX(G1287,O1286) -> 293.34 | P1287: =G1287/O1287 - 1 -> -0.078212995 | Q1287: =TEXT(C1287, "YYYY-MM") -> 2021-01 | R1287: =IF(M1287="","", IF(M1287<0.015,"Low", IF(M1287<0.03,"Medium","High"))) -> High
A1288: 1287 | B1288: TSLA | C1288: 2021-01-12 | D1288: 277 | E1288: 289.333 | F1288: 275.78 | G1288: 283.147 | H1288: 138812100 | I1288: 0.0471529 | J1288: =(G1288/G1287) - 1 -> 0.04715289 | K1288: =AVERAGE(G1269:G1288) -> 235.87305 | M1288: =_xlfn.STDEV.S(J1269:J1288) -> 0.041728309 | N1288: =IF(OR(ISBLANK(K1288),ISBLANK(L1288)),"",IF(K1288>L1288,"Uptrend","Downtrend")) | O1288: =MAX(G1288,O1287) -> 293.34 | P1288: =G1288/O1288 - 1 -> -0.034748074 | Q1288: =TEXT(C1288, "YYYY-MM") -> 2021-01 | R1288: =IF(M1288="","", IF(M1288<0.015,"Low", IF(M1288<0.03,"Medium","High"))) -> High
A1289: 1288 | B1289: TSLA | C1289: 2021-01-13 | D1289: 284.253 | E1289: 286.823 | F1289: 277.333 | G1289: 284.803 | H1289: 99937500 | I1289: 0.00585095 | J1289: =(G1289/G1288) - 1 -> 0.0058485522 | K1289: =AVERAGE(G1270:G1289) -> 239.44935 | M1289: =_xlfn.STDEV.S(J1270:J1289) -> 0.041129798 | N1289: =IF(OR(ISBLANK(K1289),ISBLANK(L1289)),"",IF(K1289>L1289,"Uptrend","Downtrend")) | O1289: =MAX(G1289,O1288) -> 293.34 | P1289: =G1289/O1289 - 1 -> -0.029102748 | Q1289: =TEXT(C1289, "YYYY-MM") -> 2021-01 | R1289: =IF(M1289="","", IF(M1289<0.015,"Low", IF(M1289<0.03,"Medium","High"))) -> High
... A1305: 1304 | B1305: TSLA | C1305: 2021-02-05 | D1305: 281.667 | E1305: 288.257 | F1305: 279.657 | G1305: 284.077 | H1305: 55699800 | I1305: 0.00263535 | J1305: =(G1305/G1304) - 1 -> 0.0026365016 | K1305: =AVERAGE(G1286:G1305) -> 282.98955 | M1305: =_xlfn.STDEV.S(J1286:J1305) -> 0.037482975 | N1305: =IF(OR(ISBLANK(K1305),ISBLANK(L1305)),"",IF(K1305>L1305,"Uptrend","Downtrend")) | O1305: =MAX(G1305,O1304) -> 294.363 | P1305: =G1305/O1305 - 1 -> -0.03494325 | Q1305: =TEXT(C1305, "YYYY-MM") -> 2021-02 | R1305: =IF(M1305="","", IF(M1305<0.015,"Low", IF(M1305<0.03,"Medium","High"))) -> High
A1306: 1305 | B1306: TSLA | C1306: 2021-02-08 | D1306: 289.89 | E1306: 292.59 | F1306: 284.917 | G1306: 287.807 | H1306: 60485100 | I1306: 0.0131303 | J1306: =(G1306/G1305) - 1 -> 0.013130243 | K1306: =AVERAGE(G1287:G1306) -> 282.7129 | L1306: =AVERAGE(G1258:G1307) -> 246.24348 | M1306: =_xlfn.STDEV.S(J1287:J1306) -> 0.033148119 | N1306: =IF(OR(ISBLANK(K1306),ISBLANK(L1306)),"",IF(K1306>L1306,"Uptrend","Downtrend")) -> Uptrend | O1306: =MAX(G1306,O1305) -> 294.363 | P1306: =G1306/O1306 - 1 -> -0.022271821 | Q1306: =TEXT(C1306, "YYYY-MM") -> 2021-02 | R1306: =IF(M1306="","", IF(M1306<0.015,"Low", IF(M1306<0.03,"Medium","High"))) -> High
A1307: 1306 | B1307: TSLA | C1307: 2021-02-09 | D1307: 285.04 | E1307: 286.6 | F1307: 280.583 | G1307: 283.153 | H1307: 45473100 | I1307: -0.0161683 | J1307: =(G1307/G1306) - 1 -> -0.016170559 | K1307: =AVERAGE(G1288:G1307) -> 283.3507 | L1307: =AVERAGE(G1259:G1308) -> 247.70388 | M1307: =_xlfn.STDEV.S(J1288:J1307) -> 0.027986552 | N1307: =IF(OR(ISBLANK(K1307),ISBLANK(L1307)),"",IF(K1307>L1307,"Uptrend","Downtrend")) -> Uptrend | O1307: =MAX(G1307,O1306) -> 294.363 | P1307: =G1307/O1307 - 1 -> -0.038082232 | Q1307: =TEXT(C1307, "YYYY-MM") -> 2021-02 | R1307: =IF(M1307="","", IF(M1307<0.015,"Low", IF(M1307<0.03,"Medium","High"))) -> Medium
A1308: 1307 | B1308: TSLA | C1308: 2021-02-10 | D1308: 281.213 | E1308: 281.607 | F1308: 266.673 | G1308: 268.273 | H1308: 108648300 | I1308: -0.0525509 | J1308: =(G1308/G1307) - 1 -> -0.052551094 | K1308: =AVERAGE(G1289:G1308) -> 282.607 | L1308: =AVERAGE(G1260:G1309) -> 249.33094 | M1308: =_xlfn.STDEV.S(J1289:J1308) -> 0.028522044 | N1308: =IF(OR(ISBLANK(K1308),ISBLANK(L1308)),"",IF(K1308>L1308,"Uptrend","Downtrend")) -> Uptrend | O1308: =MAX(G1308,O1307) -> 294.363 | P1308: =G1308/O1308 - 1 -> -0.088632063 | Q1308: =TEXT(C1308, "YYYY-MM") -> 2021-02 | R1308: =IF(M1308="","", IF(M1308<0.015,"Low", IF(M1308<0.03,"Medium","High"))) -> Medium
A1309: 1308 | B1309: TSLA | C1309: 2021-02-11 | D1309: 270.813 | E1309: 276.627 | F1309: 267.243 | G1309: 270.553 | H1309: 64868400 | I1309: 0.00849879 | J1309: =(G1309/G1308) - 1 -> 0.0084988053 | K1309: =AVERAGE(G1290:G1309) -> 281.8945 | L1309: =AVERAGE(G1261:G1310) -> 250.87334 | M1309: =_xlfn.STDEV.S(J1290:J1309) -> 0.028568055 | N1309: =IF(OR(ISBLANK(K1309),ISBLANK(L1309)),"",IF(K1309>L1309,"Uptrend","Downtrend")) -> Uptrend | O1309: =MAX(G1309,O1308) -> 294.363 | P1309: =G1309/O1309 - 1 -> -0.080886524 | Q1309: =TEXT(C1309, "YYYY-MM") -> 2021-02 | R1309: =IF(M1309="","", IF(M1309<0.015,"Low", IF(M1309<0.03,"Medium","High"))) -> Medium
A1310: 1309 | B1310: TSLA | C1310: 2021-02-12 | D1310: 267.087 | E1310: 272.443 | F1310: 261.777 | G1310: 272.04 | H1310: 71304900 | I1310: 0.0054949 | J1310: =(G1310/G1309) - 1 -> 0.0054961505 | K1310: =AVERAGE(G1291:G1310) -> 281.41315 | L1310: =AVERAGE(G1262:G1311) -> 252.38934 | M1310: =_xlfn.STDEV.S(J1291:J1310) -> 0.028537804 | N1310: =IF(OR(ISBLANK(K1310),ISBLANK(L1310)),"",IF(K1310>L1310,"Uptrend","Downtrend")) -> Uptrend | O1310: =MAX(G1310,O1309) -> 294.363 | P1310: =G1310/O1310 - 1 -> -0.075834938 | Q1310: =TEXT(C1310, "YYYY-MM") -> 2021-02 | R1310: =IF(M1310="","", IF(M1310<0.015,"Low", IF(M1310<0.03,"Medium","High"))) -> Medium
A1311: 1310 | B1311: TSLA | C1311: 2021-02-16 | D1311: 272.667 | E1311: 273.667 | F1311: 264.147 | G1311: 265.407 | H1311: 59406900 | I1311: -0.0243837 | J1311: =(G1311/G1310) - 1 -> -0.024382444 | K1311: =AVERAGE(G1292:G1311) -> 280.91415 | L1311: =AVERAGE(G1263:G1312) -> 253.75448 | M1311: =_xlfn.STDEV.S(J1292:J1311) -> 0.028622097 | N1311: =IF(OR(ISBLANK(K1311),ISBLANK(L1311)),"",IF(K1311>L1311,"Uptrend","Downtrend")) -> Uptrend | O1311: =MAX(G1311,O1310) -> 294.363 | P1311: =G1311/O1311 - 1 -> -0.098368341 | Q1311: =TEXT(C1311, "YYYY-MM") -> 2021-02 | R1311: =IF(M1311="","", IF(M1311<0.015,"Low", IF(M1311<0.03,"Medium","High"))) -> Medium
A1312: 1311 | B1312: TSLA | C1312: 2021-02-17 | D1312: 259.697 | E1312: 266.613 | F1312: 254.003 | G1312: 266.05 | H1312: 77989500 | I1312: 0.00242387 | J1312: =(G1312/G1311) - 1 -> 0.0024226942 | K1312: =AVERAGE(G1293:G1312) -> 280.1408 | L1312: =AVERAGE(G1264:G1313) -> 255.01008 | M1312: =_xlfn.STDEV.S(J1293:J1312) -> 0.028095932 | N1312: =IF(OR(ISBLANK(K1312),ISBLANK(L1312)),"",IF(K1312>L1312,"Uptrend","Downtrend")) -> Uptrend | O1312: =MAX(G1312,O1311) -> 294.363 | P1312: =G1312/O1312 - 1 -> -0.096183963 | Q1312: =TEXT(C1312, "YYYY-MM") -> 2021-02 | R1312: =IF(M1312="","", IF(M1312<0.015,"Low", IF(M1312<0.03,"Medium","High"))) -> Medium
A1313: 1312 | B1313: TSLA | C1313: 2021-02-18 | D1313: 260.3 | E1313: 264.897 | F1313: 258.757 | G1313: 262.46 | H1313: 53871300 | I1313: -0.0134937 | J1313: =(G1313/G1312) - 1 -> -0.013493704 | K1313: =AVERAGE(G1294:G1313) -> 279.08965 | L1313: =AVERAGE(G1265:G1314) -> 255.94034 | M1313: =_xlfn.STDEV.S(J1294:J1313) -> 0.028107298 | N1313: =IF(OR(ISBLANK(K1313),ISBLANK(L1313)),"",IF(K1313>L1313,"Uptrend","Downtrend")) -> Uptrend | O1313: =MAX(G1313,O1312) -> 294.363 | P1313: =G1313/O1313 - 1 -> -0.10837979 | Q1313: =TEXT(C1313, "YYYY-MM") -> 2021-02 | R1313: =IF(M1313="","", IF(M1313<0.015,"Low", IF(M1313<0.03,"Medium","High"))) -> Medium
A1314: 1313 | B1314: TSLA | C1314: 2021-02-19 | D1314: 265 | E1314: 265.597 | F1314: 259.123 | G1314: 260.433 | H1314: 56874900 | I1314: -0.00772183 | J1314: =(G1314/G1313) - 1 -> -0.0077230816 | K1314: =AVERAGE(G1295:G1314) -> 278.02815 | L1314: =AVERAGE(G1266:G1315) -> 256.37114 | M1314: =_xlfn.STDEV.S(J1295:J1314) -> 0.028116003 | N1314: =IF(OR(ISBLANK(K1314),ISBLANK(L1314)),"",IF(K1314>L1314,"Uptrend","Downtrend")) -> Uptrend | O1314: =MAX(G1314,O1313) -> 294.363 | P1314: =G1314/O1314 - 1 -> -0.11526585 | Q1314: =TEXT(C1314, "YYYY-MM") -> 2021-02 | R1314: =IF(M1314="","", IF(M1314<0.015,"Low", IF(M1314<0.03,"Medium","High"))) -> Medium
A1315: 1314 | B1315: TSLA | C1315: 2021-02-22 | D1315: 254.213 | E1315: 256.167 | F1315: 236.733 | G1315: 238.167 | H1315: 111809100 | I1315: -0.0854985 | J1315: =(G1315/G1314) - 1 -> -0.085496078 | K1315: =AVERAGE(G1296:G1315) -> 275.82585 | L1315: =AVERAGE(G1267:G1316) -> 257.00022 | M1315: =_xlfn.STDEV.S(J1296:J1315) -> 0.033501519 | N1315: =IF(OR(ISBLANK(K1315),ISBLANK(L1315)),"",IF(K1315>L1315,"Uptrend","Downtrend")) -> Uptrend | O1315: =MAX(G1315,O1314) -> 294.363 | P1315: =G1315/O1315 - 1 -> -0.19090715 | Q1315: =TEXT(C1315, "YYYY-MM") -> 2021-02 | R1315: =IF(M1315="","", IF(M1315<0.015,"Low", IF(M1315<0.03,"Medium","High"))) -> High
A1316: 1315 | B1316: TSLA | C1316: 2021-02-23 | D1316: 220.71 | E1316: 237.87 | F1316: 206.333 | G1316: 232.947 | H1316: 199820700 | I1316: -0.0219174 | J1316: =(G1316/G1315) - 1 -> -0.021917394 | K1316: =AVERAGE(G1297:G1316) -> 272.7932 | L1316: =AVERAGE(G1268:G1317) -> 257.76656 | M1316: =_xlfn.STDEV.S(J1297:J1316) -> 0.031621387 | N1316: =IF(OR(ISBLANK(K1316),ISBLANK(L1316)),"",IF(K1316>L1316,"Uptrend","Downtrend")) -> Uptrend | O1316: =MAX(G1316,O1315) -> 294.363 | P1316: =G1316/O1316 - 1 -> -0.20864035 | Q1316: =TEXT(C1316, "YYYY-MM") -> 2021-02 | R1316: =IF(M1316="","", IF(M1316<0.015,"Low", IF(M1316<0.03,"Medium","High"))) -> High
A1317: 1316 | B1317: TSLA | C1317: 2021-02-24 | D1317: 237.283 | E1317: 248.333 | F1317: 231.39 | G1317: 247.34 | H1317: 110301000 | I1317: 0.0617881 | J1317: =(G1317/G1316) - 1 -> 0.061786587 | K1317: =AVERAGE(G1298:G1317) -> 270.44205 | L1317: =AVERAGE(G1269:G1318) -> 258.2481 | M1317: =_xlfn.STDEV.S(J1298:J1317) -> 0.035495501 | N1317: =IF(OR(ISBLANK(K1317),ISBLANK(L1317)),"",IF(K1317>L1317,"Uptrend","Downtrend")) -> Uptrend | O1317: =MAX(G1317,O1316) -> 294.363 | P1317: =G1317/O1317 - 1 -> -0.15974494 | Q1317: =TEXT(C1317, "YYYY-MM") -> 2021-02 | R1317: =IF(M1317="","", IF(M1317<0.015,"Low", IF(M1317<0.03,"Medium","High"))) -> High
... A2513: 2512 | B2513: TSLA | C2513: 2025-11-26 | D2513: 423.983 | E2513: 426.94 | F2513: 416.89 | G2513: 426.58 | H2513: 62435860 | I2513: 0.0171197 | J2513: =(G2513/G2512) - 1 -> 0.017119695 | K2513: =AVERAGE(G2494:G2513) -> 426.641 | L2513: =AVERAGE(G2465:G2514) -> 434.02735 | M2513: =_xlfn.STDEV.S(J2494:J2513) -> 0.034992917 | N2513: =IF(OR(ISBLANK(K2513),ISBLANK(L2513)),"",IF(K2513>L2513,"Uptrend","Downtrend")) -> Downtrend | O2513: =MAX(G2513,O2512) -> 479.86 | P2513: =G2513/O2513 - 1 -> -0.11103238 | Q2513: =TEXT(C2513, "YYYY-MM") -> 2025-11 | R2513: =IF(M2513="","", IF(M2513<0.015,"Low", IF(M2513<0.03,"Medium","High"))) -> High

Sheet Ticker_Info
A1: Ticker | B1: Sector | C1: Industry | D1: Market_Cap | E1: IPO_Year | F1: Country
A2: AAPL | B2: Technology | C2: Consumer Electronics | D2: Large | E2: 1980 | F2: USA
A3: TSLA | B3: Automotive | C3: Electric Vehicles | D3: Large | E3: 2010 | F3: USA
A4: NVDA | B4: Technology | C4: Semiconductors | D4: Large | E4: 1999 | F4: USA
A5: MSFT | B5: Technology | C5: Software | D5: Large | E5: 1986 | F5: USA
A6: GOOGL | B6: Technology | C6: Internet Services | D6: Large | E6: 2004 | F6: USA
A7: AMZN | B7: Consumer | C7: E-commerce | D7: Large | E7: 1997 | F7: USA
A8: META | B8: Technology | C8: Social Media | D8: Large | E8: 2012 | F8: USA
A9: JPM | B9: Finance | C9: Banking | D9: Large | E9: 1871 | F9: USA
A10: DIS | B10: Consumer | C10: Entertainment | D10: Large | E10: 1957 | F10: USA
A11: NFLX | B11: Consumer | C11: Streaming | D11: Large | E11: 2002 | F11: USA
A12: PYPL | B12: Finance | C12: Payments | D12: Large | E12: 1998 | F12: USA

Sheet Detail1
A1: Details for Count of Vol_Bucket - Vol_Bucket: High
A3: ID | B3: ticker | C3: Date | D3: Open | E3: High | F3: Low | G3: Close | H3: Volume | I3: Daily_Return | J3: Return_Excel | K3: SMA_20 | L3: SMA_50 | M3: VOL_20 | N3: Trend_20_50 | O3: Max_Close | P3: Drawdown | Q3: Date_Helper | R3: Vol_Bucket
A4: 371 | B4: AAPL | C4: 2022-05-18 | D4: 144.228 | E4: 144.728 | F4: 137.402 | G4: 138.305 | H4: 109742900 | I4: -0.0564194 | J4: -0.056421627 | K4: 152.18345 | L4: 159.66738 | M4: 0.031600993 | N4: Downtrend | O4: 178.27 | P4: -0.22418242 | Q4: 2022-05 | R4: High
A5: 372 | B5: AAPL | C5: 2022-05-19 | D5: 137.382 | E5: 139.13 | F5: 134.161 | G5: 134.897 | H5: 136095600 | I5: -0.0246413 | J5: -0.024641192 | K5: 150.7679 | L5: 159.16922 | M5: 0.031806132 | N5: Downtrend | O5: 178.27 | P5: -0.24329949 | Q5: 2022-05 | R5: High
A6: 373 | B6: AAPL | C6: 2022-05-20 | D6: 136.606 | E6: 138.187 | F6: 130.242 | G6: 135.133 | H6: 137426100 | I6: 0.00174727 | J6: 0.0017494829 | K6: 149.59115 | L6: 158.76266 | M6: 0.031571561 | N6: Downtrend | O6: 178.27 | P6: -0.24197565 | Q6: 2022-05 | R6: High
A7: 374 | B7: AAPL | C7: 2022-05-23 | D7: 135.329 | E7: 140.702 | F7: 135.192 | G7: 140.554 | H7: 117726300 | I7: 0.0401193 | J7: 0.040116034 | K7: 148.632 | L7: 158.53886 | M7: 0.033204774 | N7: Downtrend | O7: 178.27 | P7: -0.21156672 | Q7: 2022-05 | R7: High
A8: 375 | B8: AAPL | C8: 2022-05-24 | D8: 138.295 | E8: 139.435 | F8: 134.878 | G8: 137.854 | H8: 104132700 | I8: -0.0192158 | J8: -0.019209699 | K8: 147.836 | L8: 158.34168 | M8: 0.03254116 | N8: Downtrend | O8: 178.27 | P8: -0.22671229 | Q8: 2022-05 | R8: High
A9: 376 | B9: AAPL | C9: 2022-05-25 | D9: 135.958 | E9: 139.258 | F9: 135.87 | G9: 138.011 | H9: 92482700 | I9: 0.00113987 | J9: 0.0011388861 | K9: 147.05915 | L9: 158.05996 | M9: 0.032561036 | N9: Downtrend | O9: 178.27 | P9: -0.2258316 | Q9: 2022-05 | R9: High
A10: 377 | B10: AAPL | C10: 2022-05-26 | D10: 134.937 | E10: 141.762 | F10: 134.691 | G10: 141.212 | H10: 90601500 | I10: 0.0231994 | J10: 0.023193803 | K10: 146.09565 | L10: 157.754 | M10: 0.031125658 | N10: Downtrend | O10: 178.27 | P10: -0.20787569 | Q10: 2022-05 | R10: High
A11: 378 | B11: AAPL | C11: 2022-05-27 | D11: 142.794 | E11: 147.007 | F11: 142.666 | G11: 146.968 | H11: 90978500 | I11: 0.0407566 | J11: 0.040761408 | K11: 145.71365 | L11: 157.54296 | M11: 0.031908094 | N11: Downtrend | O11: 178.27 | P11: -0.17558759 | Q11: 2022-05 | R11: High
A12: 379 | B12: AAPL | C12: 2022-05-31 | D12: 146.408 | E12: 147.97 | F12: 144.218 | G12: 146.182 | H12: 103718400 | I12: -0.00534621 | J12: -0.005348103 | K12: 145.27715 | L12: 157.2503 | M12: 0.031901644 | N12: Downtrend | O12: 178.27 | P12: -0.17999663 | Q12: 2022-05 | R12: High
A13: 380 | B13: AAPL | C13: 2022-06-01 | D13: 147.223 | E13: 149.03 | F13: 145.043 | G13: 146.054 | H13: 74286600 | I13: -0.000873261 | J13: -0.0008756208 | K13: 144.75975 | L13: 156.92762 | M13: 0.03177949 | N13: Downtrend | O13: 178.27 | P13: -0.18071465 | Q13: 2022-06 | R13: High
A14: 381 | B14: AAPL | C14: 2022-06-02 | D14: 145.19 | E14: 148.569 | F14: 144.237 | G14: 148.51 | H14: 72348100 | I14: 0.0168113 | J14: 0.016815698 | K14: 144.04445 | L14: 156.58658 | M14: 0.030451482 | N14: Downtrend | O14: 178.27 | P14: -0.16693779 | Q14: 2022-06 | R14: High
A15: 493 | B15: AAPL | C15: 2022-11-10 | D15: 139.141 | E15: 144.687 | F15: 137.427 | G15: 144.687 | H15: 118854000 | I15: 0.0889748 | J15: 0.088969338 | K15: 142.5267 | L15: 145.41334 | M15: 0.034825092 | N15: Downtrend | O15: 178.27 | P15: -0.18838279 | Q15: 2022-11 | R15: High
... A920: 1305 | B920: TSLA | C920: 2021-02-08 | D920: 289.89 | E920: 292.59 | F920: 284.917 | G920: 287.807 | H920: 60485100 | I920: 0.0131303 | J920: 0.013130243 | K920: 282.7129 | L920: 246.24348 | M920: 0.033148119 | N920: Uptrend | O920: 294.363 | P920: -0.022271821 | Q920: 2021-02 | R920: High
A921: 1304 | B921: TSLA | C921: 2021-02-05 | D921: 281.667 | E921: 288.257 | F921: 279.657 | G921: 284.077 | H921: 55699800 | I921: 0.00263535 | J921: 0.0026365016 | K921: 282.98955 | M921: 0.037482975 | O921: 294.363 | P921: -0.03494325 | Q921: 2021-02 | R921: High
A922: 1303 | B922: TSLA | C922: 2021-02-04 | D922: 285 | E922: 285.5 | F922: 277.807 | G922: 283.33 | H922: 47438100 | I922: -0.00549912 | J922: -0.0055002334 | K922: 282.38635 | M922: 0.04121082 | O922: 294.363 | P922: -0.037480933 | Q922: 2021-02 | R922: High
A923: 1302 | B923: TSLA | C923: 2021-02-03 | D923: 292.34 | E923: 292.693 | F923: 284.353 | G923: 284.897 | H923: 55030500 | I923: -0.0207381 | J923: -0.020736947 | K923: 280.8195 | M923: 0.041380025 | O923: 294.363 | P923: -0.032157574 | Q923: 2021-02 | R923: High
A924: 1301 | B924: TSLA | C924: 2021-02-02 | D924: 281.56 | E924: 293.5 | F924: 280.733 | G924: 290.93 | H924: 73038600 | I924: 0.0392707 | J924: 0.03926955 | K924: 278.8265 | M924: 0.040812914 | O924: 294.363 | P924: -0.011662471 | Q924: 2021-02 | R924: High
A925: 1300 | B925: TSLA | C925: 2021-02-01 | D925: 271.43 | E925: 280.667 | F925: 265.187 | G925: 279.937 | H925: 76174200 | I925: 0.0583217 | J925: 0.058322937 | K925: 276.44285 | M925: 0.040634011 | O925: 294.363 | P925: -0.049007518 | Q925: 2021-02 | R925: High
A926: 1299 | B926: TSLA | C926: 2021-01-29 | D926: 276.667 | E926: 280.803 | F926: 260.033 | G926: 264.51 | H926: 104972400 | I926: -0.0501537 | J926: -0.05015495 | K926: 274.20715 | M926: 0.039025328 | O926: 294.363 | P926: -0.1014156 | Q926: 2021-01 | R926: High
A927: 1298 | B927: TSLA | C927: 2021-01-28 | D927: 273.333 | E927: 282.667 | F927: 267 | G927: 278.477 | H927: 79134000 | I927: -0.0332462 | J927: -0.033243882 | K927: 272.5613 | M927: 0.037327679 | O927: 294.363 | P927: -0.05396738 | Q927: 2021-01 | R927: High
A928: 1297 | B928: TSLA | C928: 2021-01-27 | D928: 290.117 | E928: 297.167 | F928: 286.22 | G928: 288.053 | H928: 82002000 | I928: -0.0214361 | J928: -0.021436118 | K928: 269.7373 | M928: 0.035856444 | O928: 294.363 | P928: -0.021436118 | Q928: 2021-01 | R928: High
A929: 1296 | B929: TSLA | C929: 2021-01-26 | D929: 297.127 | E929: 298.633 | F929: 290.533 | G929: 294.363 | H929: 69394800 | I929: 0.00259992 | J929: 0.0025987738 | K929: 266.39615 | M929: 0.034997064 | O929: 294.363 | P929: 0 | Q929: 2021-01 | R929: High
A930: 1295 | B930: TSLA | C930: 2021-01-25 | D930: 285 | E930: 300.133 | F930: 279.607 | G930: 293.6 | H930: 123520200 | I930: 0.0403478 | J930: 0.040348956 | K930: 262.7075 | M930: 0.034926862 | O930: 293.6 | P930: 0 | Q930: 2021-01 | R930: High
A931: 1294 | B931: TSLA | C931: 2021-01-22 | D931: 278.103 | E931: 282.667 | F931: 276.207 | G931: 282.213 | H931: 60199500 | I931: 0.00195264 | J931: 0.0019526881 | K931: 258.79385 | M931: 0.034488475 | O931: 293.34 | P931: -0.037932092 | Q931: 2021-01 | R931: High
A932: 1293 | B932: TSLA | C932: 2021-01-21 | D932: 285 | E932: 285.24 | F932: 280.473 | G932: 281.663 | H932: 61563300 | I932: -0.00642016 | J932: -0.0064201381 | K932: 255.35555 | M932: 0.035005374 | O932: 293.34 | P932: -0.03980705 | Q932: 2021-01 | R932: High
... A948: 1277 | B948: TSLA | C948: 2020-12-28 | D948: 224.837 | E948: 227.133 | F948: 220.267 | G948: 221.23 | H948: 96835800 | I948: 0.00290131 | J948: 0.0029013101 | K948: 209.25285 | M948: 0.039819307 | O948: 231.667 | P948: -0.045051734 | Q948: 2020-12 | R948: High

Sheet Analysis_AAPL_TSLA
A1: Summary Statistics
A2: Metric | B2: AAPL | C2: TSLA
A3: Avg Daily Return | B3: =AVERAGEIF(AAPL_TSLA!$B:$B,"AAPL",AAPL_TSLA!$I:$I) -> 0.00086857567 | C3: =AVERAGEIF(AAPL_TSLA!$B:$B,"TSLA",AAPL_TSLA!$I:$I) -> 0.0013576442
A4: Max Daily Return | B4: =_xlfn.MAXIFS(AAPL_TSLA!$I:$I,AAPL_TSLA!$B:$B,"AAPL") -> 0.153289 | C4: =_xlfn.MAXIFS(AAPL_TSLA!$I:$I,AAPL_TSLA!$B:$B,"TSLA") -> 0.2269
A5: Min Daily Return | B5: =_xlfn.MINIFS(AAPL_TSLA!$I:$I,AAPL_TSLA!$B:$B,"AAPL") -> -0.0924562 | C5: =_xlfn.MINIFS(AAPL_TSLA!$I:$I,AAPL_TSLA!$B:$B,"TSLA") -> -0.154262
A6: Avg Volatility (20d) | B6: =AVERAGEIF(AAPL_TSLA!$B:$B,"AAPL",AAPL_TSLA!$M:$M) -> 0.016515838 | C6: =AVERAGEIF(AAPL_TSLA!$B:$B,"TSLA",AAPL_TSLA!$M:$M) -> 0.036614258
A7: Max Volatility | B7: =_xlfn.MAXIFS(AAPL_TSLA!$M:$M,AAPL_TSLA!$B:$B,"AAPL") -> 0.051535414 | C7: =_xlfn.MAXIFS(AAPL_TSLA!$M:$M,AAPL_TSLA!$B:$B,"TSLA") -> 0.075753007
A8: Min Drawdown | B8: =_xlfn.MINIFS(AAPL_TSLA!$P:$P,AAPL_TSLA!$B:$B,"AAPL") -> -0.33360739 | C8: =_xlfn.MINIFS(AAPL_TSLA!$P:$P,AAPL_TSLA!$B:$B,"TSLA") -> -0.73632217
A9: Sector | B9: =VLOOKUP("AAPL",Ticker_Info!$A:$C,2,FALSE) -> Technology | C9: =VLOOKUP("TSLA",Ticker_Info!$A:$C,2,FALSE) -> Automotive
A10: Industry | B10: =VLOOKUP("AAPL",Ticker_Info!$A:$C,3,FALSE) -> Consumer Electronics | C10: =VLOOKUP("TSLA",Ticker_Info!$A:$C,3,FALSE) -> Electric Vehicles
A18: Row Labels | B18: Total Return | C18: Avg Daily Return | D18: Max Return | E18: Min Return | F18: Daily Return Count | G18: Avg Volatility
A19: AAPL | B19: 1.0900625 | C19: 0.00086857567 | D19: 0.153289 | E19: -0.0924562 | F19: 1255 | G19: 0.016515838
A20: TSLA | B20: 1.7038435 | C20: 0.0013576442 | D20: 0.2269 | E20: -0.154262 | F20: 1255 | G20: 0.036614258
A21: Grand Total | B21: 2.7939059 | C21: 0.0011131099 | D21: 0.2269 | E21: -0.154262 | F21: 2510 | G21: 0.026565048
A25: Month | B25: AAPL | C25: TSLA
A26: 2020-11 | B26: 0.0210997 | C26: -0.0310024
A27: 2020-12 | B27: 0.11204862 | C27: 0.23374823
A28: 2021-01 | B28: -0.00024886 | C28: 0.13207942
A29: 2021-02 | B29: -0.08110583 | C29: -0.14684879
A30: 2021-03 | B30: 0.0132129 | C30: 0.02359024
A31: 2021-04 | B31: 0.075414897 | C31: 0.071493306
A32: 2021-05 | B32: -0.049392718 | C32: -0.1182449
A33: 2021-06 | B33: 0.095679164 | C33: 0.090002972
A34: 2021-07 | B34: 0.06501355 | C34: 0.01529231
A35: 2021-08 | B35: 0.043042927 | C35: 0.073103536
A36: 2021-09 | B36: -0.068609143 | C36: 0.05524728
A37: 2021-10 | B37: 0.058478482 | C37: 0.3731759
... A87: Grand Total | B87: 1.0900625 | C87: 1.7038435
A90: Count of Trend_20_50 | B90: Column Labels
A91: Row Labels | B91: AAPL | C91: TSLA | D91: Grand Total
A92: Downtrend | B92: 511 | C92: 561 | D92: 1072
A93: Uptrend | B93: 696 | C93: 647 | D93: 1343
A97: Count of Vol_Bucket | B97: Column Labels
A98: Row Labels | B98: AAPL | C98: TSLA | D98: Grand Total
A99: High | B99: 46 | C99: 899 | D99: 945
A100: Low | B100: 581 | C100: 11 | D100: 592
A101: Medium | B101: 609 | C101: 326 | D101: 935
A102: Grand Total | B102: 1236 | C102: 1236 | D102: 2472
